{"cameraMode":{"drawMode":0,"name":"Shaded","section":"Shading Mode"},"sceneLighting":false,"audioPlay":false,"sceneViewState":{"showFog":true,"showMaterialUpdate":false,"showSkybox":false,"showFlares":true,"showImageEffects":true,"showParticleSystems":true},"in2DMode":false,"pivot":{"x":-0.43264079093933108,"y":0.3525981903076172,"z":-0.3119039535522461},"rotation":{"x":-0.06880532205104828,"y":-0.9189504981040955,"z":0.30652540922164919,"w":-0.2385018914937973},"size":4.1043291091918949,"orthographic":false}