{"cameraMode":{"drawMode":0,"name":"Shaded","section":"Shading Mode"},"sceneLighting":false,"audioPlay":false,"sceneViewState":{"showFog":true,"showMaterialUpdate":false,"showSkybox":false,"showFlares":true,"showImageEffects":true,"showParticleSystems":true},"in2DMode":false,"pivot":{"x":0.32701969146728518,"y":-8.803210258483887,"z":5.681535243988037},"rotation":{"x":0.17418089509010316,"y":0.681496798992157,"z":-0.1808939427137375,"w":0.6874008178710938},"size":18.941869735717775,"orthographic":false}