{"cameraMode":{"drawMode":0,"name":"Shaded","section":"Shading Mode"},"sceneLighting":false,"audioPlay":false,"sceneViewState":{"showFog":true,"showMaterialUpdate":false,"showSkybox":false,"showFlares":true,"showImageEffects":true,"showParticleSystems":true},"in2DMode":false,"pivot":{"x":6.6276326179504398,"y":-3.9609904289245607,"z":-1.5772688388824463},"rotation":{"x":-0.01249319314956665,"y":-0.958724856376648,"z":0.2768726646900177,"w":-0.0636395663022995},"size":1.4877467155456544,"orthographic":false}