{"cameraMode":{"drawMode":0,"name":"Shaded","section":"Shading Mode"},"sceneLighting":false,"audioPlay":false,"sceneViewState":{"showFog":true,"showMaterialUpdate":false,"showSkybox":false,"showFlares":true,"showImageEffects":true,"showParticleSystems":true},"in2DMode":false,"pivot":{"x":-1.871755599975586,"y":-4.967033863067627,"z":8.386802673339844},"rotation":{"x":-0.06389368325471878,"y":0.925464391708374,"z":-0.1581089198589325,"w":-0.33830443024635317},"size":2.353825807571411,"orthographic":false}