{"cameraMode":{"drawMode":0,"name":"Shaded","section":"Shading Mode"},"sceneLighting":false,"audioPlay":false,"sceneViewState":{"showFog":true,"showMaterialUpdate":false,"showSkybox":false,"showFlares":true,"showImageEffects":true,"showParticleSystems":true},"in2DMode":false,"pivot":{"x":-0.24049782752990724,"y":0.31246423721313479,"z":13.778779029846192},"rotation":{"x":0.24202334880828858,"y":-0.4450959861278534,"z":0.11955554783344269,"w":0.8538383841514587},"size":2.5989410877227785,"orthographic":false}